time,seconds_elapsed,z,y,x
1772740767072386300,0.16738623046875,-1.5639216899871826,-0.7235485911369324,1.4438902139663696
1772740767100544800,0.195544677734375,-1.3050751686096191,-0.9797990322113037,1.0944855213165283
1772740767119317200,0.214317138671875,-1.2230689525604248,-1.6685292720794678,0.7553126215934753
1772740767138089700,0.23308984375,-1.2143644094467163,-2.41009783744812,0.3802524209022522
1772740767156862200,0.2518623046875,-0.9862129092216492,-2.4000189304351807,0.18065807223320007
1772740767175634400,0.270634521484375,-0.6901046633720398,-1.6695982217788696,-0.06734590977430344
1772740767194407000,0.289406982421875,-0.45019441843032837,-0.9915578365325928,-0.47676628828048706
1772740767213179400,0.308179443359375,0.002748812548816204,-1.5446799993515015,-0.6627692580223083
1772740767231952000,0.326951904296875,0.2611372172832489,-3.0852367877960205,-0.6096255779266357
1772740767250724000,0.34572412109375,0.258999228477478,-4.138490200042725,-0.9173398613929749
1772740767269496600,0.36449658203125,0.11300674080848694,-4.823097229003906,-0.9581139087677002
1772740767288269000,0.38326904296875,-0.21165858209133148,-4.767204761505127,-0.9746068120002747
1772740767307028500,0.402028564453125,0.36162158846855164,-5.189300060272217,-0.8800781965255737
1772740767325813800,0.420813720703125,1.2111574411392212,-6.232169151306152,-0.3658975064754486
1772740767344586200,0.439586181640625,2.111851692199707,-6.896618366241455,0.41171106696128845
1772740767363345700,0.458345703125,2.88106107711792,-6.504759788513184,0.6126797795295715
1772740767382131200,0.477131103515625,3.6288907527923584,-5.7757134437561035,0.3226800560951233
1772740767400903400,0.4959033203125,4.231491565704346,-5.661179542541504,0.11636640131473541
1772740767419662800,0.514662841796875,4.868605136871338,-4.941906929016113,-0.43981003761291504
1772740767438448400,0.533448486328125,5.3212432861328125,-3.182361602783203,-1.5599511861801147
1772740767457220900,0.552220947265625,5.379579067230225,-1.362342119216919,-2.660850763320923
1772740767475980000,0.57097998046875,5.368278503417969,-1.01706063747406,-3.0246102809906006
1772740767494765600,0.589765625,5.510758399963379,-1.5194826126098633,-2.8221142292022705
1772740767513538000,0.6085380859375,5.733412265777588,-2.053363084793091,-2.2543318271636963
1772740767532297200,0.627297119140625,5.708825588226318,-2.3387813568115234,-1.4237322807312012
1772740767551082800,0.646082763671875,5.344302654266357,-2.257080554962158,-0.49524441361427307
1772740767569855200,0.664855224609375,4.6383161544799805,-1.8244481086730957,0.14751961827278137
1772740767588614700,0.68361474609375,3.668596029281616,-1.2381874322891235,0.45111069083213806
1772740767607400000,0.70239990234375,2.6797869205474854,-0.601073682308197,0.6398624777793884
1772740767626172400,0.72117236328125,1.7111358642578125,0.022754060104489326,0.7409577369689941
1772740767644931800,0.739931884765625,0.7893673777580261,0.5537330508232117,0.7180509567260742
1772740767663717400,0.75871728515625,0.1447708010673523,0.8199097514152527,0.6114581227302551
1772740767682489600,0.777489501953125,-0.17989452183246613,0.768140435218811,0.49295374751091003
1772740767701249000,0.7962490234375,-0.29687178134918213,0.4593571424484253,0.39262208342552185
1772740767720034600,0.81503466796875,-0.2655658423900604,0.07085828483104706,0.34039464592933655
1772740767738807000,0.83380712890625,-0.20555010437965393,-0.3205420970916748,0.3668137788772583
1772740767757579300,0.852579345703125,-0.15897299349308014,-0.6507050395011902,0.4947862923145294
1772740767776351700,0.871351806640625,-0.1985253542661667,-0.9097042679786682,0.6586460471153259
1772740767795124200,0.890124267578125,-0.3142809271812439,-1.1089931726455688,0.7930324673652649
1772740767813896700,0.908896728515625,-0.4618005156517029,-1.2387982606887817,0.8919897079467773
1772740767832669000,0.9276689453125,-0.642916738986969,-1.3409624099731445,1.009577751159668
1772740767851441400,0.94644140625,-0.791047215461731,-1.4382398128509521,1.1166287660598755
1772740767870214000,0.9652138671875,-0.955212414264679,-1.517039179801941,1.213295340538025
1772740767888986400,0.983986328125,-1.1448805332183838,-1.5772075653076172,1.2917892932891846
1772740767907758600,1.002758544921875,-1.3681451082229614,-1.5220786333084106,1.3154596090316772
1772740767926531000,1.021531005859375,-1.6159964799880981,-1.4672551155090332,1.3145432472229004
1772740767945303600,1.040303466796875,-1.816812515258789,-1.4096827507019043,1.2589561939239502
1772740767964076000,1.059075927734375,-1.998692274093628,-1.2994248867034912,1.184432864189148
1772740767982848300,1.07784814453125,-2.1599559783935547,-1.1601516008377075,1.0691354274749756
1772740768001620700,1.096620849609375,-2.2925097942352295,-1.0453124046325684,0.897334635257721
1772740768020393200,1.115393310546875,-2.4165117740631104,-0.9370396733283997,0.7447755336761475
1772740768039165400,1.13416552734375,-2.5649476051330566,-0.8107470273971558,0.6484143733978271
1772740768057938000,1.15293798828125,-2.684062957763672,-0.6868977546691895,0.5934380888938904
1772740768076737000,1.171737060546875,-2.7378175258636475,-0.4647020399570465,0.5242596864700317
1772740768095509500,1.190509521484375,-2.7343051433563232,-0.17882554233074188,0.4844018816947937
1772740768114255400,1.20925537109375,-2.6971960067749023,0.01435491070151329,0.50196373462677
1772740768133027600,1.228027587890625,-2.6825356483459473,0.007788302376866341,0.46928340196609497
1772740768151800000,1.246800048828125,-2.6307663917541504,0.06459710001945496,0.40697699785232544
1772740768170572500,1.265572509765625,-2.4313247203826904,0.09895725548267365,0.3871244490146637
1772740768189344800,1.2843447265625,-2.114447832107544,0.13453911244869232,0.40819868445396423
1772740768208104200,1.303104248046875,-1.7367914915084839,0.2596100866794586,0.5538857579231262
1772740768226889700,1.3218896484375,-1.3803620338439941,0.36543938517570496,0.8603783845901489
1772740768245662200,1.340662109375,-1.0909732580184937,0.40850409865379333,1.2745327949523926
1772740768264421400,1.35942138671875,-0.9223793745040894,0.3277195692062378,1.672347068786621
1772740768283207000,1.37820703125,-0.8843541145324707,0.15561333298683167,2.016101360321045
1772740768301979400,1.3969794921875,-0.9506310224533081,-0.09239064902067184,2.265326976776123
1772740768320751900,1.415751953125,-1.0541696548461914,-0.3836120665073395,2.3560378551483154
1772740768339524000,1.434524169921875,-1.0870027542114258,-0.5984776020050049,2.229897975921631
1772740768358296600,1.453296630859375,-0.9688037633895874,-0.6326850652694702,1.9550166130065918
1772740768377056000,1.472055908203125,-0.7328640222549438,-0.4825693368911743,1.5683503150939941
1772740768395841500,1.490841552734375,-0.3261924386024475,-0.19989976286888123,1.1787824630737305
1772740768414613800,1.50961376953125,0.15439164638519287,0.02107422985136509,0.8422056436538696
1772740768433386200,1.52838623046875,0.6229115128517151,0.2283041626214981,0.6088619828224182
1772740768452158700,1.54715869140625,1.0152281522750854,0.32939937710762024,0.6187883019447327
1772740768470931200,1.56593115234375,1.3174448013305664,0.21532365679740906,0.9045121073722839
1772740768489703400,1.584703369140625,1.6014888286590576,-0.026724567636847496,1.3027844429016113
1772740768508476000,1.603475830078125,1.8933210372924805,-0.29290124773979187,1.6712781190872192
1772740768527248400,1.622248291015625,2.2054641246795654,-0.5027272701263428,1.8707196712493896
1772740768546007600,1.641007568359375,2.5246317386627197,-0.589314877986908,1.8644585609436035
1772740768564793000,1.65979296875,2.8008873462677,-0.5703786015510559,1.7166335582733154
1772740768583565600,1.678565673828125,2.979560136795044,-0.45828816294670105,1.5480396747589111
1772740768602338000,1.697338134765625,3.054541826248169,-0.3877353072166443,1.4991718530654907
1772740768621110300,1.7161103515625,3.0565268993377686,-0.47615543007850647,1.5707937479019165
1772740768639882800,1.7348828125,2.9833779335021973,-0.6137487888336182,1.6772338151931763
1772740768658655200,1.7536552734375,2.869913101196289,-0.7438592314720154,1.715564489364624
1772740768677427700,1.772427734375,2.7234625816345215,-0.7684458494186401,1.6243956089019775
1772740768696200000,1.791199951171875,2.501877546310425,-0.7569924592971802,1.4556490182876587
1772740768714972400,1.809972412109375,2.2633419036865234,-0.7763868570327759,1.2777397632598877
1772740768733745000,1.828744873046875,1.9727312326431274,-0.7640172243118286,1.1659547090530396
1772740768752517400,1.847517333984375,1.636001706123352,-0.737750768661499,1.1716049909591675
1772740768771289600,1.86628955078125,1.3383663892745972,-0.8687775135040283,1.3429477214813232
1772740768790062000,1.88506201171875,1.1474765539169312,-1.051726222038269,1.6211886405944824
1772740768808834600,1.90383447265625,1.0610417127609253,-1.1708414554595947,1.8953063488006592
1772740768827606800,1.922606689453125,1.0447015762329102,-1.3670761585235596,2.105743169784546
1772740768846379300,1.941379150390625,1.0931111574172974,-1.6433318853378296,2.2867066860198975
1772740768865151700,1.96015185546875,1.1227372884750366,-1.9234052896499634,2.5177597999572754
1772740768883924200,1.97892431640625,1.0711206197738647,-2.1191818714141846,2.7900447845458984
1772740768902696400,1.997696533203125,0.9358180165290833,-2.2721991539001465,2.9638309478759766
1772740768921469000,2.016468994140625,0.7844805717468262,-2.325648307800293,2.9288599491119385
1772740768940241400,2.035241455078125,0.6109999418258667,-2.3065593242645264,2.6752054691314697
1772740768959014000,2.054013916015625,0.44790375232696533,-2.195537805557251,2.308544397354126
1772740768977786000,2.0727861328125,0.3177932798862457,-2.0988712310791016,1.9544057846069336
1772740768996558600,2.09155859375,0.24189551174640656,-2.05702805519104,1.6741796731948853
1772740769015331000,2.1103310546875,0.20707722008228302,-2.025264024734497,1.5306304693222046
1772740769034103300,2.129103271484375,0.16676130890846252,-2.0327470302581787,1.5616309642791748
1772740769052875800,2.147875732421875,0.14797775447368622,-2.0755062103271484,1.6608936786651611
1772740769071648300,2.166648193359375,0.15714046359062195,-2.083141803741455,1.6839531660079956
1772740769090420700,2.185420654296875,0.14186927676200867,-2.074589967727661,1.6089717149734497
1772740769109193200,2.204193115234375,0.10094250738620758,-2.067718029022217,1.4991718530654907
1772740769127965400,2.22296533203125,0.04107947647571564,-2.0409934520721436,1.4188454151153564
1772740769146738000,2.241738037109375,-0.03894151374697685,-2.0185446739196777,1.4115153551101685
1772740769165510400,2.260510498046875,-0.13591352105140686,-1.942799687385559,1.4671024084091187
1772740769184282600,2.27928271484375,-0.279920756816864,-1.8287240266799927,1.5659070014953613
1772740769203055000,2.29805517578125,-0.43981003761291504,-1.6871601343154907,1.6555488109588623
1772740769221827600,2.31682763671875,-0.6077930331230164,-1.549414038658142,1.6721943616867065
1772740769240600000,2.33560009765625,-0.7475243210792542,-1.394411563873291,1.6613517999649048
1772740769259372300,2.354372314453125,-0.8641961812973022,-1.275754451751709,1.6615045070648193
1772740769278144800,2.373144775390625,-0.9568922519683838,-1.2085613012313843,1.6683765649795532
1772740769296917200,2.391917236328125,-1.0289721488952637,-1.146865725517273,1.6450116634368896
1772740769315689700,2.410689697265625,-1.096165418624878,-1.0698989629745483,1.6268389225006104
1772740769334462000,2.4294619140625,-1.1462548971176147,-0.9790354371070862,1.6014888286590576
1772740769353234400,2.448234375,-1.165802001953125,-0.8480086922645569,1.5384187698364258
1772740769372007000,2.4670068359375,-1.2142115831375122,-0.7160657048225403,1.4554963111877441
1772740769390779100,2.485779052734375,-1.2960652112960815,-0.5694623589515686,1.3773078918457031
1772740769409551600,2.504551513671875,-1.4102935791015625,-0.4240806996822357,1.330578088760376
1772740769428324000,2.523323974609375,-1.4933688640594482,-0.31596073508262634,1.3230952024459839
1772740769447096600,2.5420966796875,-1.5518574714660645,-0.26755109429359436,1.3067549467086792
1772740769465869000,2.560869140625,-1.5787347555160522,-0.24464432895183563,1.2578872442245483
1772740769484641300,2.579641357421875,-1.5788874626159668,-0.20997874438762665,1.2146698236465454
1772740769503413800,2.598413818359375,-1.5721681118011475,-0.2160872220993042,1.2116155624389648
1772740769522186200,2.617186279296875,-1.5501775741577148,-0.28068432211875916,1.2128372192382812
1772740769540958500,2.63595849609375,-1.5573550462722778,-0.37536564469337463,1.1402990818023682
1772740769559731000,2.65473095703125,-1.5513993501663208,-0.42606595158576965,0.9417737722396851
1772740769578503400,2.67350341796875,-1.4521366357803345,-0.27595025300979614,0.6994200944900513
1772740769597276000,2.69227587890625,-1.2058124542236328,-0.03833066672086716,0.5731274485588074
1772740769616048000,2.711048095703125,-0.8921424150466919,0.07620319724082947,0.5835118293762207
1772740769634820600,2.729820556640625,-0.6224533319473267,0.1047603040933609,0.6659762263298035
1772740769653593000,2.748593017578125,-0.435075968503952,0.072843536734581,0.7637118101119995
1772740769672365600,2.767365478515625,-0.2658712565898895,-0.008399149402976036,0.9009997248649597
1772740769691137800,2.7861376953125,-0.1175880953669548,-0.16462333500385284,1.0301939249038696
1772740769709910300,2.80491015625,-0.042453885078430176,-0.3017585575580597,1.0859336853027344
1772740769728682800,2.823682861328125,-0.056961506605148315,-0.3671191930770874,1.031415581703186
1772740769747455000,2.842455078125,-0.13453911244869232,-0.34161633253097534,0.8791618943214417
1772740769766227500,2.8612275390625,-0.21776704490184784,-0.24571330845355988,0.6707102656364441
1772740769785000000,2.88,-0.2276933193206787,-0.11438114941120148,0.4372139275074005
1772740769803772400,2.8987724609375,-0.12644538283348083,-0.001985253533348441,0.23028941452503204
1772740769822545000,2.917544921875,0.07711946964263916,0.11453386396169662,0.10735640674829483
1772740769841317000,2.936317138671875,0.33291175961494446,0.16599774360656738,0.12812520563602448
1772740769860089600,2.955089599609375,0.5990884304046631,0.091932512819767,0.29794076085090637
1772740769878862000,2.973862060546875,0.7882983684539795,-0.021685076877474785,0.5378510355949402
1772740769897634300,2.99263427734375,0.8848122358322144,-0.10949437320232391,0.7191199064254761
1772740769916406800,3.01140673828125,0.9458969831466675,-0.13591352105140686,0.7802046537399292
1772740769935179300,3.03017919921875,0.9837695360183716,-0.08490777015686035,0.7353073954582214
1772740769953951700,3.04895166015625,1.0129374265670776,-0.024128466844558716,0.6227588057518005
1772740769972724000,3.067723876953125,1.0408837795257568,0.01695101149380207,0.4450022280216217
1772740769991496400,3.086496337890625,1.0596672296524048,0.05619794875383377,0.20096874237060547
1772740770010269000,3.10526904296875,1.0894460678100586,0.11499200016260147,-0.046577103435993195
1772740770029041400,3.12404150390625,1.121057391166687,0.1701209545135498,-0.21364383399486542
1772740770047813600,3.142813720703125,1.187639832496643,0.21303297579288483,-0.2626643180847168
1772740770066586000,3.161586181640625,1.2778924703598022,0.25319617986679077,-0.22433365881443024
1772740770085358600,3.180358642578125,1.365243673324585,0.2586938142776489,-0.14522893726825714
1772740770104131000,3.199131103515625,1.4445010423660278,0.25716668367385864,-0.09315420687198639
1772740770122903300,3.2179033203125,1.486649513244629,0.25563958287239075,-0.07146912813186646
1772740770141675800,3.23667578125,1.5153592824935913,0.252432644367218,-0.0781884491443634
1772740770160448300,3.2554482421875,1.5481923818588257,0.24632415175437927,-0.1238492801785469
1772740770179220500,3.274220458984375,1.5744588375091553,0.23655059933662415,-0.1948602795600891
1772740770197993000,3.292992919921875,1.5793455839157104,0.23334364593029022,-0.24998924136161804
1772740770216765400,3.311765380859375,1.5335320234298706,0.23716144263744354,-0.24067382514476776
1772740770235538000,3.330537841796875,1.4933688640594482,0.20906247198581696,-0.20371755957603455
1772740770254310400,3.349310302734375,1.4554963111877441,0.17745113372802734,-0.19944162666797638
1772740770273082600,3.36808251953125,1.3805148601531982,0.10613471269607544,-0.2564031481742859
1772740770291855000,3.386855224609375,1.2835427522659302,-0.008246437646448612,-0.3637595474720001
1772740770310627600,3.405627685546875,1.1827529668807983,0.025197450071573257,-0.3712424337863922
1772740770329399800,3.42439990234375,1.063179612159729,0.05268557742238045,-0.2163926362991333
1772740770348172300,3.44317236328125,0.9071081876754761,0.02076880633831024,-0.03512371703982353
1772740770366944800,3.46194482421875,0.6807892918586731,0.033291175961494446,0.051463883370161057
1772740770385717200,3.48071728515625,0.35474956035614014,0.072843536734581,0.04932591691613197
1772740770404489500,3.499489501953125,-0.01435491070151329,0.13347013294696808,0.03390202298760414
1772740770423262000,3.518261962890625,-0.3573456406593323,0.20157960057258606,0.09452861547470093
1772740770442034400,3.537034423828125,-0.6537593007087708,0.2480039894580841,0.2652604281902313
1772740770460807000,3.555806884765625,-0.8617527484893799,0.2098260372877121,0.492495596408844
1772740770479579100,3.5745791015625,-0.9768974781036377,0.04184303805232048,0.7172874212265015
1772740770498351600,3.5933515625,-1.0201148986816406,-0.18111620843410492,0.929404079914093
1772740770517124000,3.6121240234375,-1.0155335664749146,-0.4647020399570465,1.1216683387756348
1772740770535896600,3.630896484375,-0.9848384857177734,-0.7702783942222595,1.2281084060668945
1772740770554668800,3.649668701171875,-0.9822424054145813,-0.9492566585540771,1.1824475526809692
1772740770573441300,3.668441162109375,-1.0494356155395508,-0.922837495803833,1.0104941129684448
1772740770592213800,3.6872138671875,-1.211920976638794,-0.7966975569725037,0.8254073858261108
1772740770610986200,3.705986328125,-1.4232741594314575,-0.5644228458404541,0.6613948941230774
1772740770629758500,3.724758544921875,-1.6175235509872437,-0.2695363461971283,0.5247178077697754
1772740770648531000,3.743531005859375,-1.808107852935791,-0.028557108715176582,0.4155288338661194
1772740770667303400,3.762303466796875,-1.9844900369644165,0.14003673195838928,0.34131091833114624
1772740770686076000,3.781075927734375,-2.1420886516571045,0.23716144263744354,0.3605526089668274
1772740770704848100,3.79984814453125,-2.2689921855926514,0.2713688910007477,0.4818057715892792
1772740770723620600,3.81862060546875,-2.3439736366271973,0.27289602160453796,0.6508577466011047
1772740770742393000,3.83739306640625,-2.3366434574127197,0.2298312783241272,0.7754706144332886
1772740770761165600,3.85616552734375,-2.230355978012085,0.19409671425819397,0.8206732869148254
1772740770779937800,3.874937744140625,-2.0527522563934326,0.15378080308437347,0.816550076007843
1772740770798710300,3.893710205078125,-1.843995213508606,0.11957334727048874,0.7707365155220032
1772740770817482800,3.912482666015625,-1.6384450197219849,0.09941539168357849,0.6974348425865173
1772740770836255000,3.9312548828125,-1.4596195220947266,0.11606097966432571,0.6012263894081116
1772740770855027500,3.95002734375,-1.3066022396087646,0.12613995373249054,0.5094466209411621
1772740770873800000,3.968800048828125,-1.1509889364242554,0.07864658534526825,0.43049460649490356
1772740770892572400,3.987572509765625,-0.9715525507926941,-0.005803049076348543,0.36635565757751465
1772740770911345000,4.006344970703125,-0.7664605975151062,-0.07360709458589554,0.31260108947753906
1772740770930117000,4.0251171875,-0.5584670901298523,-0.1185043677687645,0.25212720036506653
1772740770948889600,4.0438896484375,-0.3655920922756195,-0.14614520967006683,0.19195875525474548
1772740770967662000,4.062662109375,-0.1698155403137207,-0.14614520967006683,0.08429691940546036
1772740770986434300,4.081434326171875,0.032069481909275055,-0.1050657257437706,-0.049020491540431976
1772740771005206800,4.100206787109375,0.24556060135364532,-0.1169772520661354,-0.17989452183246613
1772740771023966200,4.11896630859375,0.46699273586273193,-0.18111620843410492,-0.4265241026878357
1772740771042751700,4.137751708984375,0.7580614686012268,-0.09605573117733002,-0.6563553810119629
1772740771061524000,4.15652392578125,1.1709941625595093,-0.04489727318286896,-0.9100096821784973
1772740771080296400,4.17529638671875,1.6011834144592285,-0.09834641218185425,-1.016755223274231
1772740771099069000,4.19406884765625,1.9391345977783203,-0.04153761267662048,-1.0330954790115356
1772740771117841400,4.21284130859375,2.1387288570404053,0.09315420687198639,-0.906802773475647
1772740771136600600,4.2316005859375,2.197828531265259,0.20493926107883453,-0.6444438695907593
1772740771155386000,4.25038623046875,2.183931589126587,0.23273280262947083,-0.3921639323234558
1772740771174158600,4.26915869140625,2.085890769958496,0.18523943424224854,-0.2038702666759491
1772740771192931000,4.28793115234375,1.916380524635315,0.02367033064365387,-0.07085828483104706
1772740771211703300,4.306703369140625,1.6914360523223877,-0.2718270421028137,-0.03008422814309597
1772740771230475800,4.325475830078125,1.4180818796157837,-0.5413633584976196,-0.1459924876689911
1772740771249248300,4.344248291015625,1.09219491481781,-0.6447492837905884,-0.4940227270126343
1772740771277406700,4.37240673828125,0.6389462351799011,-0.24311721324920654,-1.2934690713882446
1772740771296179200,4.39117919921875,0.44255882501602173,0.22524993121623993,-1.6828842163085938
1772740771314951700,4.40995166015625,0.31229567527770996,0.6601731777191162,-1.7751221656799316
1772740771333710800,4.4287109375,0.251974493265152,0.899625301361084,-1.5188716650009155
1772740771352496400,4.447496337890625,0.25945737957954407,0.8467870354652405,-1.0651649236679077
1772740771371268900,4.466268798828125,0.30130040645599365,0.5815265774726868,-0.6323796510696411
1772740771390028300,4.4850283203125,0.33077380061149597,0.26281702518463135,-0.32374903559684753
1772740771408813800,4.503813720703125,0.35230615735054016,-0.05024218559265137,-0.2301367074251175
1772740771427586000,4.5225859375,0.38605546951293945,-0.2151709496974945,-0.3038965165615082
1772740771446358500,4.541358642578125,0.40728241205215454,-0.17409147322177887,-0.5187620520591736
1772740771465131000,4.560131103515625,0.45828816294670105,-0.010689826682209969,-0.7621846795082092
1772740771483903500,4.578903564453125,0.5699204802513123,0.15912571549415588,-0.9126058220863342
1772740771502675700,4.59767578125,0.7290462255477905,0.22402822971343994,-0.8852704167366028
1772740771521448200,4.6164482421875,0.8530482053756714,0.19180603325366974,-0.682774543762207
1772740771540220700,4.635220703125,0.9148964881896973,0.09025268256664276,-0.37689274549484253
1772740771558993200,4.6539931640625,0.9339854717254639,0.0022906772792339325,-0.09590301662683487
1772740771577765400,4.672765380859375,0.9138274788856506,-0.06902574002742767,0.09116895496845245
1772740771596537900,4.691537841796875,0.8547280430793762,-0.09865183383226395,0.21242213249206543
1772740771615310300,4.710310302734375,0.7638645172119141,-0.15316994488239288,0.27091076970100403
1772740771634082800,4.729082763671875,0.6754443645477295,-0.20616094768047333,0.2638860046863556
1772740771652855000,4.74785498046875,0.578472375869751,-0.20035789906978607,0.20677179098129272
1772740771671627500,4.76662744140625,0.4337015450000763,-0.12048961967229843,0.14156384766101837
1772740771690400000,4.78539990234375,0.2438807636499405,-0.0015271181473508477,0.11209046840667725
1772740771709172500,4.80417236328125,0.058335911482572556,0.05421269312500954,0.09987352788448334
1772740771727931600,4.822931640625,-0.08994726091623306,0.04230117425322533,0.07345438003540039
1772740771746717200,4.84171728515625,-0.15469707548618317,0.08139539510011673,0.1247655525803566
1772740771765489700,4.86048974609375,-0.18997350335121155,0.12094775587320328,0.27442312240600586
1772740771784262000,4.879261962890625,-0.29794076085090637,0.07437065243721008,0.40163207054138184
1772740771803034400,4.898034423828125,-0.4718795120716095,0.08154810965061188,0.474475622177124
1772740771821806800,4.916806884765625,-0.6786513328552246,0.11575555801391602,0.5523586273193359
1772740771840579300,4.935579345703125,-0.8426637649536133,0.08307522535324097,0.6354338526725769
1772740771859351800,4.954351806640625,-0.9286405444145203,0.06704048812389374,0.7340856790542603
1772740771878124000,4.9731240234375,-0.9946120381355286,0.07925742864608765,0.8898517489433289
1772740771896896500,4.991896484375,-1.0677610635757446,0.017409147694706917,1.0191986560821533
1772740771915669000,5.0106689453125,-1.146865725517273,-0.07528692483901978,1.3075186014175415
1772740771934441200,5.029441162109375,-1.2218471765518188,-0.2670929729938507,1.4583978652954102
1772740771953213700,5.048213623046875,-1.2679661512374878,-0.4865398406982422,1.5071128606796265
1772740771971986200,5.066986083984375,-1.2910256385803223,-0.6586460471153259,1.4643535614013672
1772740771990758700,5.085758544921875,-1.294690728187561,-0.7708892226219177,1.3369919061660767
1772740772009517800,5.104517822265625,-1.3150014877319336,-0.7301151752471924,1.0309574604034424
1772740772028303400,5.123303466796875,-1.3886085748672485,-0.4037700295448303,0.5854970812797546
1772740772047075800,5.142075927734375,-1.5446799993515015,0.13499724864959717,0.10552386194467545
1772740772065848300,5.160848388671875,-1.7679446935653687,0.7582141757011414,-0.2718270421028137
1772740772084620500,5.17962060546875,-1.974563717842102,1.299272060394287,-0.5004366040229797
1772740772103393000,5.19839306640625,-2.2001190185546875,1.7439689636230469,-0.8090671896934509
1772740772122165500,5.21716552734375,-2.3902454376220703,2.4282705783843994,-0.7844805717468262
1772740772140938000,5.23593798828125,-2.4575912952423096,2.8621249198913574,-0.7844805717468262
1772740772159710200,5.254710205078125,-2.4577438831329346,3.187706470489502,-0.7104153633117676
1772740772178482700,5.273482666015625,-2.2662432193756104,3.6256840229034424,-0.5593833923339844
1772740772197255200,5.292255126953125,-2.051530599594116,3.694556951522827,-0.5859552621841431
1772740772216027600,5.311027587890625,-1.8641531467437744,3.702192544937134,-0.5267030596733093
1772740772234799900,5.3297998046875,-1.7186187505722046,3.38775897026062,-0.3642176687717438
1772740772253572400,5.348572265625,-1.6433318853378296,2.9311506748199463,-0.030695075169205666
1772740772272344800,5.3673447265625,-1.544832706451416,2.74194073677063,0.3170297145843506
1772740772291104000,5.38610400390625,-1.4243431091308594,2.5764009952545166,0.6216897964477539
1772740772309889500,5.4048896484375,-1.368603229522705,2.305184841156006,0.740652322769165
1772740772328662000,5.423662109375,-1.2855280637741089,2.0199191570281982,0.7527165412902832
1772740772347421400,5.44242138671875,-1.210546612739563,1.9511988162994385,0.6022953987121582
1772740772366207000,5.46120703125,-1.0944855213165283,1.702736735343933,0.2408265322446823
1772740772384979200,5.479979248046875,-0.9570449590682983,1.9873915910720825,-0.14018943905830383
1772740772403751700,5.498751708984375,-0.8225058317184448,2.5785388946533203,-0.5732801556587219
1772740772422524200,5.517524169921875,-0.6022953987121582,2.328244209289551,-0.8875610828399658
1772740772441296400,5.53629638671875,-0.522885262966156,2.0646636486053467,-0.9726215600967407
1772740772460068900,5.55506884765625,-0.4891359508037567,2.028470993041992,-0.7699729800224304
1772740772478841300,5.57384130859375,-0.1892099380493164,2.5647950172424316,-0.6639909744262695
1772740772497613800,5.59261376953125,0.14095300436019897,2.2079074382781982,-1.0221002101898193
1772740772516386300,5.61138623046875,0.2483094036579132,1.9208091497421265,-1.4403778314590454
1772740772535158500,5.630158447265625,0.1447708010673523,1.2363548278808594,-1.6680711507797241
1772740772553931000,5.648930908203125,-0.26907822489738464,0.5722111463546753,-1.4999353885650635
1772740772572703500,5.667703369140625,-0.7533273696899414,0.48959407210350037,-0.9981244206428528
1772740772591475700,5.686475830078125,-1.1752700805664062,0.39262208342552185,-0.4811949133872986
1772740772610248200,5.705248291015625,-1.238034725189209,0.462564080953598,0.010995250195264816
1772740772629020700,5.724020751953125,-1.0498937368392944,0.5303681492805481,0.2933593988418579
1772740772647793200,5.742793212890625,-0.9054283499717712,0.5338805317878723,0.254265159368515
1772740772666565400,5.7615654296875,-0.8732061386108398,0.605960488319397,0.0393996499478817
1772740772685337900,5.780337890625,-0.9903361201286316,0.6403206586837769,-0.21211670339107513
1772740772704110300,5.7991103515625,-1.1966497898101807,0.5804576277732849,-0.2641914486885071
1772740772722882800,5.8178828125,-1.3905937671661377,0.577861487865448,-0.1304158866405487
1772740772741655000,5.836655029296875,-1.5582714080810547,0.4938700199127197,-0.011911521665751934
1772740772760427500,5.855427490234375,-1.6120258569717407,0.5763344168663025,0.04107947647571564
1772740772779200000,5.874199951171875,-1.546207070350647,0.6158867478370667,-0.03268032893538475
1772740772797972200,5.89297216796875,-1.3883031606674194,0.6759024858474731,-0.08338065445423126
1772740772816744700,5.91174462890625,-1.2302464246749878,0.7290462255477905,-0.03161134570837021
1772740772835517200,5.93051708984375,-1.0598199367523193,0.6730009913444519,0.08643488585948944
1772740772854289700,5.94928955078125,-0.9236010313034058,0.5380037426948547,0.20722992718219757
1772740772873062000,5.968061767578125,-0.8686248064041138,0.37567105889320374,0.28694549202919006
1772740772891834400,5.98683447265625,-0.8855758309364319,0.20784078538417816,0.3327590525150299
1772740772910606800,6.00560693359375,-0.9324583411216736,0.022601349279284477,0.31382277607917786
1772740772929379300,6.02437939453125,-0.9666658043861389,-0.04871506989002228,0.27060532569885254
1772740772948151600,6.043151611328125,-1.0222529172897339,0.046424392610788345,0.16660858690738678
1772740772966924000,6.061924072265625,-1.0688300132751465,0.19226416945457458,0.03649812191724777
1772740772985696500,6.080696533203125,-1.0792144536972046,0.35108447074890137,0.0018325417768210173
1772740773004469000,6.099468994140625,-1.050046443939209,0.46454933285713196,0.056808795779943466
1772740773023241200,6.1182412109375,-0.9620844125747681,0.5025745630264282,0.15210096538066864
1772740773042013700,6.137013671875,-0.8466343283653259,0.42637139558792114,0.2673983871936798
1772740773060786200,6.1557861328125,-0.7391251921653748,0.29412296414375305,0.4074351191520691
1772740773079558400,6.174558349609375,-0.6988092660903931,0.17470231652259827,0.5042544007301331
1772740773098331000,6.193330810546875,-0.6975875496864319,0.16080553829669952,0.5955760478973389
1772740773117103400,6.212103271484375,-0.6505523324012756,0.23746687173843384,0.7087355256080627
1772740773135875800,6.230875732421875,-0.5998520255088806,0.20188501477241516,0.7644753456115723
1772740773154648000,6.24964794921875,-0.687050461769104,0.01954711228609085,0.6601731777191162
1772740773173420500,6.268420654296875,-0.8768712282180786,-0.11514470726251602,0.4489727318286896
1772740773192193000,6.287193115234375,-1.070357084274292,-0.10995250940322876,0.2754921019077301
1772740773210965500,6.305965576171875,-1.2071869373321533,0.023059483617544174,0.21975229680538177
1772740773229737700,6.32473779296875,-1.251167893409729,0.2148655205965042,0.23593975603580475
1772740773248510200,6.34351025390625,-1.2177239656448364,0.3859027624130249,0.3164188861846924
1772740773267282700,6.36228271484375,-1.1089931726455688,0.4127800464630127,0.4416425824165344
1772740773286055000,6.381054931640625,-0.9746068120002747,0.28694549202919006,0.6032116413116455
1772740773304827400,6.399827392578125,-0.8811471462249756,0.11407572776079178,0.7542436718940735
1772740773323600000,6.418599853515625,-0.8663341403007507,-0.06978929787874222,0.8133431077003479
1772740773342372400,6.437372314453125,-0.92054682970047,-0.2901524603366852,0.7698202729225159
1772740773361144600,6.45614453125,-1.0407310724258423,-0.5149442553520203,0.6760551929473877
1772740773379917000,6.4749169921875,-1.2059651613235474,-0.6771242022514343,0.5786250829696655
1772740773398689500,6.493689453125,-1.3615785837173462,-0.698503851890564,0.4534013867378235
1772740773417461800,6.512461669921875,-1.4861913919448853,-0.6184828281402588,0.28221142292022705
1772740773436234200,6.531234130859375,-1.5717099905014038,-0.4940227270126343,0.15179555118083954
1772740773455006700,6.5500068359375,-1.609582543373108,-0.4043808877468109,0.12781979143619537
1772740773473779200,6.568779296875,-1.6236320734024048,-0.41354358196258545,0.1656923145055771
1772740773492551400,6.587551513671875,-1.6175235509872437,-0.4534013867378235,0.25319617986679077
1772740773511324000,6.606323974609375,-1.609582543373108,-0.47355934977531433,0.32161107659339905
1772740773530096400,6.625096435546875,-1.6340163946151733,-0.4969242513179779,0.26694026589393616
1772740773548868600,6.64386865234375,-1.696933627128601,-0.510515570640564,0.10246963053941727
1772740773567641000,6.66264111328125,-1.7932947874069214,-0.5234960913658142,-0.059557609260082245
1772740773586413600,6.68141357421875,-1.8922520875930786,-0.5189147591590881,-0.15805672109127045
1772740773605186000,6.70018603515625,-1.9825047254562378,-0.5380037426948547,-0.20784078538417816
1772740773623958300,6.718958251953125,-2.0489344596862793,-0.6299362182617188,-0.17470231652259827
1772740773642730800,6.737730712890625,-2.1417832374572754,-0.790436327457428,-0.09361234307289124
1772740773661503200,6.756503173828125,-2.1972177028656006,-0.8086090683937073,-0.01038440316915512
1772740773680275700,6.775275634765625,-2.097649574279785,-0.8266290426254272,-0.03542914241552353
1772740773699048000,6.7940478515625,-1.9574600458145142,-0.5734328627586365,0.04291202127933502
1772740773717820400,6.8128203125,-1.961125135421753,-0.6114581227302551,0.07024743407964706
1772740773736593000,6.831593017578125,-2.0548901557922363,-0.7597413063049316,0.006108472589403391
1772740773755365000,6.850365234375,-2.1540000438690186,-0.8026533126831055,-0.13117945194244385
1772740773774137600,6.8691376953125,-2.259065866470337,-0.7687512636184692,-0.29839888215065
1772740773792910000,6.88791015625,-2.279223918914795,-0.7421793937683105,-0.4259132444858551
1772740773811682300,6.906682373046875,-2.252957344055176,-0.6394043564796448,-0.4289674758911133
1772740773830454800,6.925454833984375,-2.1853060722351074,-0.4230117201805115,-0.3686463236808777
1772740773849227300,6.944227294921875,-2.1213197708129883,-0.17836740612983704,-0.32909396290779114
1772740773867999700,6.962999755859375,-2.0493924617767334,-0.091932512819767,-0.35856732726097107
1772740773886772000,6.98177197265625,-1.9925837516784668,-0.17149536311626434,-0.420873761177063
1772740773905544400,7.00054443359375,-1.9205037355422974,-0.27320143580436707,-0.39598172903060913
1772740773924317000,7.01931689453125,-1.8129947185516357,-0.3639122545719147,-0.28221142292022705
1772740773943089400,7.03808935546875,-1.6812043190002441,-0.4534013867378235,-0.2020377367734909
1772740773961861600,7.056861572265625,-1.6005725860595703,-0.5328115224838257,-0.18187977373600006
1772740773980634000,7.075634033203125,-1.5920206308364868,-0.6055023670196533,-0.1973036676645279
1772740773999406600,7.094406494140625,-1.6456224918365479,-0.7108734846115112,-0.24617144465446472
1772740774018178800,7.1131787109375,-1.7177025079727173,-0.7467607855796814,-0.28694549202919006
1772740774036951300,7.131951416015625,-1.787797212600708,-0.6671979427337646,-0.2990097403526306
1772740774055723800,7.150723876953125,-1.8349851369857788,-0.5215108394622803,-0.28312769532203674
1772740774074496300,7.169496337890625,-1.8337634801864624,-0.39766156673431396,-0.22586077451705933
1772740774093268500,7.1882685546875,-1.7873390913009644,-0.35536038875579834,-0.1629435122013092
1772740774112041000,7.207041015625,-1.747023105621338,-0.323596328496933,-0.11896250396966934
1772740774130813400,7.2258134765625,-1.7306829690933228,-0.25060009956359863,-0.08002099394798279
1772740774149586000,7.2445859375,-1.7172443866729736,-0.15393351018428802,-0.12323843687772751
1772740774168358100,7.263358154296875,-1.7143428325653076,-0.03130592033267021,-0.17622943222522736
1772740774187130600,7.282130615234375,-1.7094560861587524,0.0844496339559555,-0.1704263836145401
1772740774205903000,7.300903076171875,-1.702125906944275,0.16615045070648193,-0.11926792562007904
1772740774224675300,7.31967529296875,-1.6754013299942017,0.15240639448165894,-0.1047603040933609
1772740774243447800,7.33844775390625,-1.6277552843093872,0.055587101727724075,-0.1450762301683426
1772740774262220300,7.35722021484375,-1.5654487609863281,-0.01817270554602146,-0.23166382312774658
1772740774280992500,7.375992431640625,-1.494132399559021,0.010231691412627697,-0.28221142292022705
1772740774299765000,7.394764892578125,-1.398992896080017,0.1385096162557602,-0.2802261710166931
1772740774318537500,7.413537353515625,-1.286138892173767,0.21990501880645752,-0.25090551376342773
1772740774337310000,7.43231005859375,-1.1824475526809692,0.23792500793933868,-0.1898207813501358
1772740774356082200,7.451082275390625,-1.0566130876541138,0.26098448038101196,-0.10857810080051422
1772740774374854700,7.469854736328125,-0.9101623892784119,0.2513636350631714,-0.02901524491608143
1772740774393627100,7.488627197265625,-0.7886037826538086,0.1692046970129013,0.04871506989002228
1772740774412399600,7.507399658203125,-0.5774033665657043,-0.1525591015815735,0.1375933438539505
1772740774431171800,7.526171875,-0.3715478479862213,-0.4737120568752289,0.2964136302471161
1772740774449944300,7.5449443359375,-0.28037887811660767,-0.6444438695907593,0.49829864501953125
1772740774468716800,7.563716796875,-0.21089501678943634,-0.5489989519119263,0.6575770974159241
1772740774487489000,7.582489013671875,-0.21089501678943634,-0.47707170248031616,0.6983511447906494
1772740774506261500,7.601261474609375,-0.34818294644355774,-0.5632011890411377,0.5551074743270874
1772740774525034000,7.620033935546875,-0.4640912115573883,-0.652384877204895,0.3461976945400238
1772740774543806200,7.63880615234375,-0.4862344264984131,-0.36513394117355347,0.35200074315071106
1772740774562578700,7.65757861328125,-0.3498627543449402,0.17424418032169342,0.5222744345664978
1772740774581351200,7.67635107421875,-0.14614520967006683,0.5767925381660461,0.6604785919189453
1772740774600110600,7.695110595703125,-0.040010496973991394,0.5977140665054321,0.7226322889328003
1772740774618896000,7.713895751953125,-0.023364907130599022,0.37979426980018616,0.7105680704116821
1772740774637668400,7.73266845703125,-0.07330167293548584,0.06917845457792282,0.6166502833366394
1772740774656440800,7.75144091796875,-0.1823379099369049,-0.25319617986679077,0.46393850445747375
1772740774675213300,7.77021337890625,-0.29030516743659973,-0.388651579618454,0.3252761662006378
1772740774693985500,7.788985595703125,-0.34161633253097534,-0.3190149664878845,0.2651077210903168
1772740774712758000,7.807758056640625,-0.3533751368522644,-0.1913478970527649,0.2620534598827362
1772740774731530500,7.826530517578125,-0.35887277126312256,-0.09025268256664276,0.2652604281902313
1772740774750302700,7.845302734375,-0.3765873312950134,-0.022906772792339325,0.25289076566696167
1772740774769075200,7.8640751953125,-0.4034646153450012,0.04092676565051079,0.2145601063966751
1772740774787847700,7.88284765625,-0.43706122040748596,0.09208522737026215,0.14125843346118927
1772740774806620200,7.9016201171875,-0.47142136096954346,0.12797249853610992,0.06123743951320648
1772740774825392400,7.920392333984375,-0.4940227270126343,0.1566823273897171,-0.006108472589403391
1772740774844164900,7.939164794921875,-0.5111264586448669,0.1510319858789444,-0.09956810623407364
1772740774862937300,7.957937255859375,-0.5111264586448669,0.14141114056110382,-0.20035789906978607
1772740774881709600,7.97670947265625,-0.48791423439979553,0.14813046157360077,-0.2777827978134155
1772740774900482000,7.99548193359375,-0.446529358625412,0.10903623700141907,-0.3217637836933136
1772740774919254500,8.014254638671876,-0.4043808877468109,0.07727217674255371,-0.32603973150253296
1772740774938026800,8.03302685546875,-0.3512371778488159,0.04978405311703682,-0.34421244263648987
1772740774956799200,8.05179931640625,-0.2933593988418579,0.03023693896830082,-0.377198189496994
1772740774975571700,8.07057177734375,-0.25289076566696167,-0.07773031294345856,-0.3571929335594177
1772740774994344200,8.08934423828125,-0.2241809368133545,-0.13621893525123596,-0.25212720036506653
1772740775013116400,8.108116455078125,-0.182643324136734,-0.16095824539661407,-0.1979145109653473
1772740775031889000,8.126888916015625,-0.12583453953266144,-0.2513636350631714,-0.22158484160900116
1772740775050661400,8.145661376953125,-0.11483928561210632,-0.2993151545524597,-0.21318569779396057
1772740775069433900,8.164433837890625,-0.14049486815929413,-0.34100547432899475,-0.19455485045909882
1772740775088206000,8.1832060546875,-0.17409147322177887,-0.3568875193595886,-0.1638597846031189
1772740775106978600,8.201978515625,-0.19058434665203094,-0.223264679312706,-0.09452861547470093
1772740775125751000,8.2207509765625,-0.24433889985084534,-0.20142687857151031,-0.1779092699289322
1772740775144523300,8.239523193359375,-0.35413870215415955,-0.41445985436439514,-0.5312843918800354
1772740775163282700,8.25828271484375,-0.50685054063797,-0.48959407210350037,-0.9336800575256348
1772740775182068200,8.277068115234375,-0.6198572516441345,-0.27808821201324463,-1.1034955978393555
1772740775200840400,8.29584033203125,-0.6371136903762817,0.0791047215461731,-0.9868237376213074
1772740775219613000,8.314613037109375,-0.543195903301239,0.38040512800216675,-0.6673506498336792
1772740775238385400,8.333385498046875,-0.30939415097236633,0.555565595626831,-0.1769929975271225
1772740775257158000,8.352157958984375,-0.03023693896830082,0.5673243999481201,0.3417690396308899
1772740775275917000,8.3709169921875,0.11392301321029663,0.3626905679702759,0.7505785822868347
1772740775294702600,8.38970263671875,0.1319430023431778,0.025808297097682953,0.8817580342292786
1772740775313475000,8.40847509765625,0.030695075169205666,-0.26464956998825073,0.7792884111404419
1772740775332247300,8.427247314453124,-0.1766875684261322,-0.43202173709869385,0.62627112865448
1772740775351019800,8.446019775390624,-0.44958359003067017,-0.5512896776199341,0.43415969610214233
1772740775369792300,8.464792236328124,-0.7021689414978027,-0.5163186192512512,0.17882554233074188
1772740775388564700,8.483564697265624,-0.812274158000946,-0.29381752014160156,0.006413896102458239
1772740775407337000,8.5023369140625,-0.7953231334686279,-0.0016798300202935934,-0.021990500390529633
1772740775426109400,8.521109375,-0.6899519562721252,0.28999972343444824,0.06688777357339859
1772740775444882000,8.5398818359375,-0.525175929069519,0.4978405237197876,0.20555010437965393
1772740775463654100,8.558654052734376,-0.38727715611457825,0.42850935459136963,0.24647687375545502
1772740775482426600,8.577426513671876,-0.32008397579193115,0.22738789021968842,0.19318044185638428
1772740775501199000,8.59619921875,-0.293664813041687,0.03497100621461868,0.07345438003540039
1772740775519971300,8.614971435546876,-0.28037887811660767,-0.0261137206107378,-0.0584886260330677
1772740775538743800,8.633743896484376,-0.2742704153060913,-0.0004581354442052543,-0.16615045070648193
1772740775557516300,8.652516357421876,-0.26037365198135376,0.04504998400807381,-0.24998924136161804
1772740775576288500,8.67128857421875,-0.21028417348861694,0.12430741637945175,-0.2767138183116913
1772740775595061000,8.69006103515625,-0.1316375881433487,0.1916533261537552,-0.25625041127204895
1772740775613833500,8.70883349609375,-0.05528167635202408,0.20341213047504425,-0.16676130890846252
1772740775632606000,8.72760595703125,-0.0015271181473508477,0.12155860662460327,-0.06673506647348404
1772740775651378200,8.746378173828125,0.057114217430353165,0.03573456406593323,-0.026724567636847496
1772740775670150700,8.765150634765625,0.1169772520661354,-0.026571854948997498,-0.050394900143146515
1772740775688923100,8.783923095703125,0.16080553829669952,-0.04978405311703682,-0.08964183181524277
1772740775707695400,8.8026953125,0.15652960538864136,-0.06139015033841133,-0.08872556686401367
1772740775726467800,8.8214677734375,0.11865708231925964,-0.02886253222823143,-0.07574506103992462
1772740775745240300,8.840240234375,0.10644013434648514,0.07116370648145676,-0.10048437118530273
1772740775764012800,8.8590126953125,0.11254860460758209,0.13957859575748444,-0.11529742181301117
1772740775782785000,8.877784912109375,0.11560284346342087,0.14645062386989594,-0.07024743407964706
1772740775801557500,8.8965576171875,0.1253764033317566,0.2779355049133301,0.012827792204916477
1772740775820330000,8.915330078125,0.11438114941120148,0.2411319613456726,-0.04169032722711563
1772740775839102200,8.934102294921875,0.0587940476834774,0.07513421028852463,-0.22815145552158356
1772740775857874700,8.952874755859375,-0.06872031837701797,0.007635590620338917,-0.38605546951293945
1772740775876647200,8.971647216796875,-0.16217994689941406,0.08093725889921188,-0.40163207054138184
1772740775895419400,8.99041943359375,-0.21211670339107513,0.15973655879497528,-0.07864658534526825
1772740775914192000,9.00919189453125,-0.1253764033317566,-0.0847550556063652,0.008857285603880882
1772740775932964400,9.02796435546875,-0.007177455350756645,0.30740886926651,0.06917845457792282
1772740775951736600,9.046736572265624,0.09804098308086395,0.9672766327857971,0.11590826511383057
1772740775970509000,9.065509033203124,0.31947311758995056,1.2963706254959106,0.12048961967229843
